{
  "bee": {
    "rarities": {
      "common": {
        "hp": 30,
        "speed": 2,
        "damage": 10,
        "coin_drop": 20,
        "xp_drop": 50,
        "attribs": {

        }
      },
      "unusual": {
        "hp": 100,
        "speed": 2,
        "damage": 30,
        "coin_drop": 50,
        "xp_drop": 100,
        "attribs": {

        }
      },
      "rare": {
        "hp": 500,
        "speed": 2,
        "damage": 90,
        "coin_drop": 300,
        "xp_drop": 200,
        "attribs": {

        }
      }
    }
  },
  "ant_soldier": {
    "rarities": {
      "common": {
        "hp": 100,
        "speed": 1.5,
        "damage": 5,
        "coin_drop": 15,
        "xp_drop": 100,
        "attribs": {

        }
      },
      "unusual": {
        "hp": 450,
        "speed": 1.5,
        "damage": 15,
        "coin_drop": 40,
        "xp_drop": 300,
        "attribs": {

        }
      }
    }
  }
}