{
  "basic": {
    "type": "shoot",
    "rarities": {
      "common": {
        "price": 100,
        "attribs": {
          "hp": 10,
          "damage": 10,
          "reload": 1.0,
          "range": 5.0,
          "speed": 5.0
        }
      },
      "unusual": {
        "price": 700,
        "attribs": {
          "hp": 30,
          "damage": 30,
          "reload": 3.0,
          "range": 5.0,
          "speed": 5.0
        }
      }
    }
  },
  "rock": {
    "type": "defence",
    "rarities": {
      "common": {
        "price": 150,
        "attribs": {
          "hp": 150,
          "damage": 1,
          "reload": 10.0
        }
      },
      "unusual": {
        "price": 750,
        "attribs": {
          "hp": 500,
          "damage": 3,
          "reload": 10.0
        }
      }
    }
  },
  "ant_egg": {
    "type": "summon",
    "rarities": {
      "common": {
        "price": 300,
        "attribs": {
          "reload": 8.0
        }
      },
      "unusual": {
        "price": 2100,
        "attribs": {
          "reload": 10.0
        }
      }
    }
  }
}
