{
  "bee": {
    "rarities": {
      "common": {
        "hp": 37,
        "speed": 1.7,
        "damage": 50,
        "armor": 1,
        "coin_drop": 20,
        "xp_drop": 50,
        "attribs": {

        }
      },
      "unusual": {
        "hp": 140,
        "speed": 1.7,
        "damage": 150,
        "armor": 2,
        "coin_drop": 80,
        "xp_drop": 100,
        "attribs": {

        }
      },
      "rare": {
        "hp": 506,
        "speed": 1.7,
        "damage": 450,
        "armor": 7,
        "coin_drop": 320,
        "xp_drop": 200,
        "attribs": {

        }
      },
      "epic": {
        "hp": 2000,
        "speed": 1.7,
        "damage": 1400,
        "armor": 22,
        "coin_drop": 1280,
        "xp_drop": 400,
        "attribs": {

        }
      },
      "legendary": {
        "hp": 12100,
        "speed": 1.7,
        "damage": 4100,
        "armor": 65,
        "coin_drop": 5120,
        "xp_drop": 1600,
        "attribs": {

        }
      }
    }
  },
  "ant_soldier": {
    "rarities": {
      "common": {
        "hp": 100,
        "speed": 1.0,
        "damage": 10,
        "armor": 1,
        "coin_drop": 20,
        "xp_drop": 100,
        "attribs": {

        }
      },
      "unusual": {
        "hp": 375,
        "speed": 1.0,
        "damage": 30,
        "armor": 2,
        "coin_drop": 40,
        "xp_drop": 200,
        "attribs": {

        }
      },
      "rare": {
        "hp": 1400,
        "speed": 1.0,
        "damage": 900,
        "armor": 7,
        "coin_drop": 80,
        "xp_drop": 400,
        "attribs": {

        }
      }
    }
  }
}