{
  "basic": {
    "type": "shoot",
    "rarities": {
      "common": {
        "price": 100,
        "attribs": {
          "hp": 10,
          "damage": 10,
          "reload": 1.2,
          "range": 5.0,
          "speed": 4.0
        }
      },
      "unusual": {
        "price": 700,
        "attribs": {
          "hp": 30,
          "damage": 30,
          "reload": 1.2,
          "range": 5.0,
          "speed": 4.0
        }
      },
      "rare": {
        "price": 8000,
        "attribs": {
          "hp": 90,
          "damage": 90,
          "reload": 1.2,
          "range": 5.0,
          "speed": 4.0
        }
      },
      "epic": {
        "price": 160000,
        "attribs": {
          "hp": 270,
          "damage": 270,
          "reload": 1.2,
          "range": 5.0,
          "speed": 4.0
        }
      }
    }
  },
  "rock": {
    "type": "defence",
    "rarities": {
      "common": {
        "price": 150,
        "attribs": {
          "hp": 1000,
          "damage": 10,
          "reload": 10.0
        }
      },
      "unusual": {
        "price": 1050,
        "attribs": {
          "hp": 3000,
          "damage": 30,
          "reload": 10.0
        }
      },
      "rare": {
        "price": 12000,
        "attribs": {
          "hp": 9000,
          "damage": 90,
          "reload": 10.0
        }
      },
      "epic": {
        "price": 240000,
        "attribs": {
          "hp": 27000,
          "damage": 270,
          "reload": 10.0
        }
      }
    }
  },
  "ant_egg": {
    "type": "summon",
    "rarities": {
      "common": {
        "price": 300,
        "attribs": {
          "reload": 8.0,
          "copy": 4
        }
      },
      "unusual": {
        "price": 2100,
        "attribs": {
          "reload": 10.0,
          "copy": 4
        }
      },
      "rare": {
        "price": 23500,
        "attribs": {
          "reload": 14.0,
          "copy": 4
        }
      },
      "epic": {
        "price": 470000,
        "attribs": {
          "reload": 3.0,
          "copy": 4
        }
      }
    }
  },
  "faster": {
    "type": "buff",
    "rarities": {
      "common": {
        "price": 60,
        "attribs": {
          "speed_buff": 0.2
        }
      },
      "unusual": {
        "price": 500,
        "attribs": {
          "speed_buff": 0.3
        }
      },
      "rare": {
        "price": 5700,
        "attribs": {
          "speed_buff": 0.4
        }
      },
      "epic": {
        "price": 114000,
        "attribs": {
          "speed_buff": 0.5
        }
      }
    }
  },
  "antennae": {
    "type": "buff",
    "rarities": {
      "common": {
        "price": 500,
        "attribs": {}
      },
      "unusual": {
        "price": 4000,
        "attribs": {}
      },
      "rare": {
        "price": 45000,
        "attribs": {}
      },
      "epic": {
        "price": 900000,
        "attribs": {}
      }
    }
  },
  "cutter": {
    "type": "buff",
    "rarities": {
      "common": {
        "price": 350,
        "attribs": {
          "body_damage_buff": 54
        }
      },
      "unusual": {
        "price": 2800,
        "attribs": {
          "body_damage_buff": 162
        }
      },
      "rare": {
        "price": 33600,
        "attribs": {
          "body_damage_buff": 486
        }
      },
      "epic": {
        "price": 672000,
        "attribs": {
          "body_damage_buff": 1458
        }
      }
    }
  },
  "corn": {
    "type": "shoot",
    "rarities": {
      "common": {
        "price": 200,
        "attribs": {
          "hp": 300,
          "damage": 8,
          "reload": 2.8,
          "range": 5.0,
          "speed": 2.0
        }
      },
      "unusual": {
        "price": 1400,
        "attribs": {
          "hp": 900,
          "damage": 24,
          "reload": 2.8,
          "range": 5.0,
          "speed": 2.0
        }
      },
      "rare": {
        "price": 16000,
        "attribs": {
          "hp": 2700,
          "damage": 72,
          "reload": 2.8,
          "range": 5.0,
          "speed": 2.0
        }
      },
      "epic": {
        "price": 320000,
        "attribs": {
          "hp": 8100,
          "damage": 216,
          "reload": 2.8,
          "range": 5.0,
          "speed": 2.0
        }
      }
    }
  },
  "bone": {
    "type": "shoot",
    "rarities": {
      "common": {
        "price": 150,
        "attribs": {
          "hp": 10,
          "damage": 15,
          "armor": 3,
          "reload": 1.2,
          "range": 4.0,
          "speed": 3.0
        }
      },
      "unusual": {
        "price": 1200,
        "attribs": {
          "hp": 30,
          "damage": 45,
          "armor": 9,
          "reload": 1.2,
          "range": 4.0,
          "speed": 3.0
        }
      },
      "rare": {
        "price": 14400,
        "attribs": {
          "hp": 90,
          "damage": 135,
          "armor": 27,
          "reload": 1.2,
          "range": 4.0,
          "speed": 3.0
        }
      },
      "epic": {
        "price": 288000,
        "attribs": {
          "hp": 270,
          "damage": 405,
          "armor": 81,
          "reload": 1.2,
          "range": 4.0,
          "speed": 3.0
        }
      }
    }
  },
  "leaf": {
    "type": "buff",
    "rarities": {
      "common": {
        "price": 800,
        "attribs": {
          "heal_buff": 35
        }
      },
      "unusual": {
        "price": 6400,
        "attribs": {
          "heal_buff": 105
        }
      },
      "rare": {
        "price": 76800,
        "attribs": {
          "heal_buff": 315
        }
      },
      "epic": {
        "price": 1536000,
        "attribs": {
          "heal_buff": 1575
        }
      }
    }
  },
  "missile": {
    "type": "shoot",
    "rarities": {
      "common": {
        "price": 400,
        "attribs": {
          "hp": 2,
          "damage": 25,
          "reload": 1.2,
          "range": 7.0,
          "speed": 6.0
        }
      },
      "unusual": {
        "price": 3200,
        "attribs": {
          "hp": 6,
          "damage": 75,
          "reload": 1.2,
          "range": 7.0,
          "speed": 6.0
        }
      },
      "rare": {
        "price": 38400,
        "attribs": {
          "hp": 18,
          "damage": 225,
          "reload": 1.2,
          "range": 7.0,
          "speed": 6.0
        }
      },
      "epic": {
        "price": 768000,
        "attribs": {
          "hp": 54,
          "damage": 675,
          "reload": 1.2,
          "range": 7.0,
          "speed": 6.0
        }
      }
    }
  },
  "web": {
    "type": "defence",
    "rarities": {
      "common": {
        "price": 150,
        "attribs": {
          "hp": 1,
          "reload": 1.0,
          "duration": 0.0,
          "scale": 5.0,
          "slow_down": 0.9
        }
      },
      "unusual": {
        "price": 1050,
        "attribs": {
          "hp": 1,
          "reload": 10.0,
          "duration": 10.0,
          "scale": 1.2,
          "slow_down": 0.05
        }
      },
      "rare": {
        "price": 12000,
        "attribs": {
          "hp": 1,
          "reload": 10.0,
          "duration": 10.0,
          "scale": 1.8,
          "slow_down": 0.1
        }
      },
      "epic": {
        "price": 240000,
        "attribs": {
          "hp": 1,
          "reload": 10.0,
          "duration": 10.0,
          "scale": 2.0,
          "slow_down": 0.15
        }
      }
    }
  },
  "light": {
    "type": "multi_shoot",
    "rarities": {
      "common": {
        "price": 100,
        "attribs": {
          "hp": 10,
          "damage": 10,
          "reload": 1.2,
          "range": 5.0,
          "speed": 4.0,
          "copy": 1
        }
      },
      "unusual": {
        "price": 700,
        "attribs": {
          "hp": 30,
          "damage": 30,
          "reload": 1.2,
          "range": 5.0,
          "speed": 4.0,
          "copy": 2
        }
      },
      "rare": {
        "price": 8000,
        "attribs": {
          "hp": 90,
          "damage": 90,
          "reload": 1.2,
          "range": 5.0,
          "speed": 4.0,
          "copy": 3
        }
      },
      "epic": {
        "price": 160000,
        "attribs": {
          "hp": 270,
          "damage": 270,
          "reload": 1.2,
          "range": 5.0,
          "speed": 4.0,
          "copy": 4
        }
      }
    }
  },
  "rose": {
    "type": "buff",
    "rarities": {
      "common": {
        "price": 800,
        "attribs": {
          "heal": 35,
          "reload": 1
        }
      },
      "unusual": {
        "price": 6400,
        "attribs": {
          "heal": 105,
          "reload": 1
        }
      },
      "rare": {
        "price": 76800,
        "attribs": {
          "heal": 315,
          "reload": 1
        }
      },
      "epic": {
        "price": 1536000,
        "attribs": {
          "heal": 1575,
          "reload": 1
        }
      }
    }
  },
  "stinger": {
    "type": "shoot",
    "rarities": {
      "common": {
        "price": 100,
        "attribs": {
          "hp": 10,
          "damage": 10,
          "reload": 1.2,
          "range": 5.0,
          "speed": 4.0
        }
      },
      "unusual": {
        "price": 700,
        "attribs": {
          "hp": 30,
          "damage": 30,
          "reload": 1.2,
          "range": 5.0,
          "speed": 4.0
        }
      },
      "rare": {
        "price": 8000,
        "attribs": {
          "hp": 90,
          "damage": 90,
          "reload": 1.2,
          "range": 5.0,
          "speed": 4.0
        }
      },
      "epic": {
        "price": 160000,
        "attribs": {
          "hp": 270,
          "damage": 270,
          "reload": 1.2,
          "range": 5.0,
          "speed": 4.0
        }
      }
    }
  },
  "pollen": {
    "type": "multi_shoot",
    "rarities": {
      "common": {
        "price": 100,
        "attribs": {
          "hp": 10,
          "damage": 10,
          "reload": 1.2,
          "range": 5.0,
          "speed": 4.0,
          "copy": 1
        }
      },
      "unusual": {
        "price": 700,
        "attribs": {
          "hp": 30,
          "damage": 30,
          "reload": 1.2,
          "range": 5.0,
          "speed": 4.0,
          "copy": 2
        }
      },
      "rare": {
        "price": 8000,
        "attribs": {
          "hp": 90,
          "damage": 90,
          "reload": 1.2,
          "range": 5.0,
          "speed": 4.0,
          "copy": 3
        }
      },
      "epic": {
        "price": 160000,
        "attribs": {
          "hp": 270,
          "damage": 270,
          "reload": 1.2,
          "range": 5.0,
          "speed": 4.0,
          "copy": 4
        }
      }
    }
  },
  "amulet": {
    "type": "buff",
    "rarities": {
      "common": {
        "price": 1000,
        "attribs": {
          "overheal_buff": 0.05
        }
      },
      "unusual": {
        "price": 8000,
        "attribs": {
          "overheal_buff": 0.1
        }
      },
      "rare": {
        "price": 90000,
        "attribs": {
          "overheal_buff": 0.15
        }
      },
      "epic": {
        "price": 1800000,
        "attribs": {
          "overheal_buff": 0.2
        }
      }
    }
  },
  "dahlia": {
    "type": "defence",
    "rarities": {
      "common": {
        "price": 150,
        "attribs": {
          "hp": 1000,
          "damage": 10,
          "reload": 10.0,
          "death_heal": 100
        }
      },
      "unusual": {
        "price": 1050,
        "attribs": {
          "hp": 3000,
          "damage": 30,
          "reload": 10.0,
          "death_heal": 100
        }
      },
      "rare": {
        "price": 12000,
        "attribs": {
          "hp": 9000,
          "damage": 90,
          "reload": 10.0,
          "death_heal": 100
        }
      },
      "epic": {
        "price": 240000,
        "attribs": {
          "hp": 27000,
          "damage": 270,
          "reload": 10.0,
          "death_heal": 100
        }
      }
    }
  }
}
